email,password
admin@acme.com,admin@acme.com1
user@acme.com,user@acme.com1
nikithas@gmail.com,nikithas@gmail.com1
momin@gmail.com,momin@gmail.com1
aarya@acme.com,aarya@acme.com1
kabir@acme.com,kabir@acme.com1
meera@acme.com,meera@acme.com1
rajesh@acme.com,rajesh@acme.com1
sonali@acme.com,sonali@acme.com1
vikas@acme.com,vikas@acme.com1
sneha@acme.com,sneha@acme.com1
omkar@acme.com,omkar@acme.com1
zoya@acme.com,zoya@acme.com1
manav@acme.com,manav@acme.com1
agent@acme.com,agent@acme.com1
admin@acme.com,admin@acme.com1
user@acme.com,user@acme.com1
nikithas@gmail.com,nikithas@gmail.com1
momin@gmail.com,momin@gmail.com1
aarya@acme.com,aarya@acme.com1
kabir@acme.com,kabir@acme.com1
meera@acme.com,meera@acme.com1
rajesh@acme.com,rajesh@acme.com1
sonali@acme.com,sonali@acme.com1
vikas@acme.com,vikas@acme.com1
sneha@acme.com,sneha@acme.com1
omkar@acme.com,omkar@acme.com1
zoya@acme.com,zoya@acme.com1
manav@acme.com,manav@acme.com1
agent@acme.com,agent@acme.com1
admin@acme.com,admin@acme.com1
user@acme.com,user@acme.com1
nikithas@gmail.com,nikithas@gmail.com1
momin@gmail.com,momin@gmail.com1
aarya@acme.com,aarya@acme.com1
kabir@acme.com,kabir@acme.com1
meera@acme.com,meera@acme.com1
rajesh@acme.com,rajesh@acme.com1
sonali@acme.com,sonali@acme.com1
vikas@acme.com,vikas@acme.com1
sneha@acme.com,sneha@acme.com1
omkar@acme.com,omkar@acme.com1
zoya@acme.com,zoya@acme.com1
manav@acme.com,manav@acme.com1
agent@acme.com,agent@acme.com1
admin@acme.com,admin@acme.com1
user@acme.com,user@acme.com1
nikithas@gmail.com,nikithas@gmail.com1
momin@gmail.com,momin@gmail.com1
aarya@acme.com,aarya@acme.com1
kabir@acme.com,kabir@acme.com1
meera@acme.com,meera@acme.com1
rajesh@acme.com,rajesh@acme.com1
sonali@acme.com,sonali@acme.com1
vikas@acme.com,vikas@acme.com1
sneha@acme.com,sneha@acme.com1
omkar@acme.com,omkar@acme.com1
zoya@acme.com,zoya@acme.com1
manav@acme.com,manav@acme.com1
agent@acme.com,agent@acme.com1
admin@acme.com,admin@acme.com1
user@acme.com,user@acme.com1
nikithas@gmail.com,nikithas@gmail.com1
momin@gmail.com,momin@gmail.com1
aarya@acme.com,aarya@acme.com1
kabir@acme.com,kabir@acme.com1
meera@acme.com,meera@acme.com1
rajesh@acme.com,rajesh@acme.com1
sonali@acme.com,sonali@acme.com1
vikas@acme.com,vikas@acme.com1
sneha@acme.com,sneha@acme.com1
omkar@acme.com,omkar@acme.com1
zoya@acme.com,zoya@acme.com1
manav@acme.com,manav@acme.com1
agent@acme.com,agent@acme.com1
admin@acme.com,admin@acme.com1
user@acme.com,user@acme.com1
nikithas@gmail.com,nikithas@gmail.com1
momin@gmail.com,momin@gmail.com1
aarya@acme.com,aarya@acme.com1
kabir@acme.com,kabir@acme.com1
meera@acme.com,meera@acme.com1
rajesh@acme.com,rajesh@acme.com1
sonali@acme.com,sonali@acme.com1
vikas@acme.com,vikas@acme.com1
sneha@acme.com,sneha@acme.com1
omkar@acme.com,omkar@acme.com1
zoya@acme.com,zoya@acme.com1
manav@acme.com,manav@acme.com1
agent@acme.com,agent@acme.com1
admin@acme.com,admin@acme.com1
user@acme.com,user@acme.com1
nikithas@gmail.com,nikithas@gmail.com1
momin@gmail.com,momin@gmail.com1
aarya@acme.com,aarya@acme.com1
kabir@acme.com,kabir@acme.com1
meera@acme.com,meera@acme.com1
rajesh@acme.com,rajesh@acme.com1
sonali@acme.com,sonali@acme.com1
vikas@acme.com,vikas@acme.com1
sneha@acme.com,sneha@acme.com1
omkar@acme.com,omkar@acme.com1
zoya@acme.com,zoya@acme.com1
manav@acme.com,manav@acme.com1
agent@acme.com,agent@acme.com1
admin@acme.com,admin@acme.com1
user@acme.com,user@acme.com1
nikithas@gmail.com,nikithas@gmail.com1
momin@gmail.com,momin@gmail.com1
aarya@acme.com,aarya@acme.com1
kabir@acme.com,kabir@acme.com1
meera@acme.com,meera@acme.com1
rajesh@acme.com,rajesh@acme.com1
sonali@acme.com,sonali@acme.com1
vikas@acme.com,vikas@acme.com1
sneha@acme.com,sneha@acme.com1
omkar@acme.com,omkar@acme.com1
zoya@acme.com,zoya@acme.com1
manav@acme.com,manav@acme.com1
agent@acme.com,agent@acme.com1
admin@acme.com,admin@acme.com1
user@acme.com,user@acme.com1
nikithas@gmail.com,nikithas@gmail.com1
momin@gmail.com,momin@gmail.com1
aarya@acme.com,aarya@acme.com1
kabir@acme.com,kabir@acme.com1
meera@acme.com,meera@acme.com1
rajesh@acme.com,rajesh@acme.com1
sonali@acme.com,sonali@acme.com1
vikas@acme.com,vikas@acme.com1
sneha@acme.com,sneha@acme.com1
omkar@acme.com,omkar@acme.com1
zoya@acme.com,zoya@acme.com1
manav@acme.com,manav@acme.com1
agent@acme.com,agent@acme.com1
admin@acme.com,admin@acme.com1
user@acme.com,user@acme.com1
nikithas@gmail.com,nikithas@gmail.com1
momin@gmail.com,momin@gmail.com1
aarya@acme.com,aarya@acme.com1
kabir@acme.com,kabir@acme.com1
meera@acme.com,meera@acme.com1
rajesh@acme.com,rajesh@acme.com1
sonali@acme.com,sonali@acme.com1
vikas@acme.com,vikas@acme.com1
sneha@acme.com,sneha@acme.com1
omkar@acme.com,omkar@acme.com1
zoya@acme.com,zoya@acme.com1
manav@acme.com,manav@acme.com1
agent@acme.com,agent@acme.com1
admin@acme.com,admin@acme.com1
user@acme.com,user@acme.com1
nikithas@gmail.com,nikithas@gmail.com1
momin@gmail.com,momin@gmail.com1
aarya@acme.com,aarya@acme.com1
kabir@acme.com,kabir@acme.com1
meera@acme.com,meera@acme.com1
rajesh@acme.com,rajesh@acme.com1
sonali@acme.com,sonali@acme.com1
vikas@acme.com,vikas@acme.com1
sneha@acme.com,sneha@acme.com1
omkar@acme.com,omkar@acme.com1
zoya@acme.com,zoya@acme.com1
manav@acme.com,manav@acme.com1
agent@acme.com,agent@acme.com1
admin@acme.com,admin@acme.com1
user@acme.com,user@acme.com1
nikithas@gmail.com,nikithas@gmail.com1
momin@gmail.com,momin@gmail.com1
aarya@acme.com,aarya@acme.com1
kabir@acme.com,kabir@acme.com1
meera@acme.com,meera@acme.com1
rajesh@acme.com,rajesh@acme.com1
sonali@acme.com,sonali@acme.com1
vikas@acme.com,vikas@acme.com1
sneha@acme.com,sneha@acme.com1
omkar@acme.com,omkar@acme.com1
zoya@acme.com,zoya@acme.com1
manav@acme.com,manav@acme.com1
agent@acme.com,agent@acme.com1
admin@acme.com,admin@acme.com1
user@acme.com,user@acme.com1
nikithas@gmail.com,nikithas@gmail.com1
momin@gmail.com,momin@gmail.com1
aarya@acme.com,aarya@acme.com1
kabir@acme.com,kabir@acme.com1
meera@acme.com,meera@acme.com1
rajesh@acme.com,rajesh@acme.com1
sonali@acme.com,sonali@acme.com1
vikas@acme.com,vikas@acme.com1
sneha@acme.com,sneha@acme.com1
omkar@acme.com,omkar@acme.com1
zoya@acme.com,zoya@acme.com1
manav@acme.com,manav@acme.com1
agent@acme.com,agent@acme.com1
admin@acme.com,admin@acme.com1
user@acme.com,user@acme.com1
nikithas@gmail.com,nikithas@gmail.com1
momin@gmail.com,momin@gmail.com1
aarya@acme.com,aarya@acme.com1
kabir@acme.com,kabir@acme.com1
meera@acme.com,meera@acme.com1
rajesh@acme.com,rajesh@acme.com1
sonali@acme.com,sonali@acme.com1
vikas@acme.com,vikas@acme.com1
sneha@acme.com,sneha@acme.com1
omkar@acme.com,omkar@acme.com1
zoya@acme.com,zoya@acme.com1
manav@acme.com,manav@acme.com1
agent@acme.com,agent@acme.com1
admin@acme.com,admin@acme.com1
user@acme.com,user@acme.com1
nikithas@gmail.com,nikithas@gmail.com1
momin@gmail.com,momin@gmail.com1
aarya@acme.com,aarya@acme.com1
kabir@acme.com,kabir@acme.com1
meera@acme.com,meera@acme.com1
rajesh@acme.com,rajesh@acme.com1
sonali@acme.com,sonali@acme.com1
vikas@acme.com,vikas@acme.com1
sneha@acme.com,sneha@acme.com1
omkar@acme.com,omkar@acme.com1
zoya@acme.com,zoya@acme.com1
manav@acme.com,manav@acme.com1
agent@acme.com,agent@acme.com1
admin@acme.com,admin@acme.com1
user@acme.com,user@acme.com1
nikithas@gmail.com,nikithas@gmail.com1
momin@gmail.com,momin@gmail.com1
aarya@acme.com,aarya@acme.com1
kabir@acme.com,kabir@acme.com1
meera@acme.com,meera@acme.com1
rajesh@acme.com,rajesh@acme.com1
sonali@acme.com,sonali@acme.com1
vikas@acme.com,vikas@acme.com1
sneha@acme.com,sneha@acme.com1
omkar@acme.com,omkar@acme.com1
zoya@acme.com,zoya@acme.com1
manav@acme.com,manav@acme.com1
agent@acme.com,agent@acme.com1
admin@acme.com,admin@acme.com1
user@acme.com,user@acme.com1
nikithas@gmail.com,nikithas@gmail.com1
momin@gmail.com,momin@gmail.com1
aarya@acme.com,aarya@acme.com1
kabir@acme.com,kabir@acme.com1
meera@acme.com,meera@acme.com1
rajesh@acme.com,rajesh@acme.com1
sonali@acme.com,sonali@acme.com1
vikas@acme.com,vikas@acme.com1
sneha@acme.com,sneha@acme.com1
omkar@acme.com,omkar@acme.com1
zoya@acme.com,zoya@acme.com1
manav@acme.com,manav@acme.com1
agent@acme.com,agent@acme.com1
admin@acme.com,admin@acme.com1
user@acme.com,user@acme.com1
nikithas@gmail.com,nikithas@gmail.com1
momin@gmail.com,momin@gmail.com1
aarya@acme.com,aarya@acme.com1
kabir@acme.com,kabir@acme.com1
meera@acme.com,meera@acme.com1
rajesh@acme.com,rajesh@acme.com1
sonali@acme.com,sonali@acme.com1
vikas@acme.com,vikas@acme.com1
sneha@acme.com,sneha@acme.com1
omkar@acme.com,omkar@acme.com1
zoya@acme.com,zoya@acme.com1
manav@acme.com,manav@acme.com1
agent@acme.com,agent@acme.com1
admin@acme.com,admin@acme.com1
user@acme.com,user@acme.com1
nikithas@gmail.com,nikithas@gmail.com1
momin@gmail.com,momin@gmail.com1
aarya@acme.com,aarya@acme.com1
kabir@acme.com,kabir@acme.com1
meera@acme.com,meera@acme.com1
rajesh@acme.com,rajesh@acme.com1
sonali@acme.com,sonali@acme.com1
vikas@acme.com,vikas@acme.com1
sneha@acme.com,sneha@acme.com1
omkar@acme.com,omkar@acme.com1
zoya@acme.com,zoya@acme.com1
manav@acme.com,manav@acme.com1
agent@acme.com,agent@acme.com1
admin@acme.com,admin@acme.com1
user@acme.com,user@acme.com1
nikithas@gmail.com,nikithas@gmail.com1
momin@gmail.com,momin@gmail.com1
aarya@acme.com,aarya@acme.com1
kabir@acme.com,kabir@acme.com1
meera@acme.com,meera@acme.com1
rajesh@acme.com,rajesh@acme.com1
sonali@acme.com,sonali@acme.com1
vikas@acme.com,vikas@acme.com1
sneha@acme.com,sneha@acme.com1
omkar@acme.com,omkar@acme.com1
zoya@acme.com,zoya@acme.com1
manav@acme.com,manav@acme.com1
agent@acme.com,agent@acme.com1
admin@acme.com,admin@acme.com1
user@acme.com,user@acme.com1
nikithas@gmail.com,nikithas@gmail.com1
momin@gmail.com,momin@gmail.com1
aarya@acme.com,aarya@acme.com1
kabir@acme.com,kabir@acme.com1
meera@acme.com,meera@acme.com1
rajesh@acme.com,rajesh@acme.com1
sonali@acme.com,sonali@acme.com1
vikas@acme.com,vikas@acme.com1